{"T": {}, "Po": {}, "P": {}, "Pa": {}, "U": {}, "DD": {"\u4ece\u5317\u65b9\u5439\u6765\u7684\u98ce": 0.5258203335126412, "\u4ece\u4e1c\u65b9\u5439\u6765\u7684\u98ce": 0.4876199319096255, "\u4ece\u4e1c\u5317\u65b9\u5439\u6765\u7684\u98ce": 0.5465502909393184, "\u4ece\u4e1c\u5357\u504f\u4e1c\u65b9\u5411\u5439\u6765\u7684\u98ce": 0.5028201725282018, "\u4ece\u4e1c\u5357\u504f\u5357\u65b9\u5411\u5439\u6765\u7684\u98ce": 0.47636217948717946, "\u4ece\u897f\u5317\u65b9\u5439\u6765\u7684\u98ce": 0.5423259493670886, "\u4ece\u897f\u5317\u504f\u897f\u65b9\u5411\u5439\u6765\u7684\u98ce": 0.5323581560283688, "\u4ece\u4e1c\u5317\u504f\u5317\u65b9\u5411\u5439\u6765\u7684\u98ce": 0.5531135531135531, "\u4ece\u4e1c\u5317\u504f\u4e1c\u65b9\u5411\u5439\u6765\u7684\u98ce": 0.5245966155057065, "\u4ece\u897f\u65b9\u5439\u6765\u7684\u98ce": 0.5242572395637458, "\u4ece\u897f\u5357\u504f\u897f\u65b9\u5411\u5439\u6765\u7684\u98ce": 0.5156875834445928, "\u4ece\u897f\u5357\u65b9\u5439\u6765\u7684\u98ce": 0.4974704890387858, "\u4ece\u897f\u5317\u504f\u5317\u65b9\u5411\u5439\u6765\u7684\u98ce": 0.5792682926829268, "\u4ece\u5357\u65b9\u5439\u6765\u7684\u98ce": 0.464524765729585, "\u4ece\u4e1c\u5357\u65b9\u5439\u6765\u7684\u98ce": 0.48036059240180295, "\u4ece\u897f\u5357\u504f\u5357\u65b9\u5411\u5439\u6765\u7684\u98ce": 0.5087209302325582, "\u65e0\u98ce": 0.47611256544502617}, "Ff": {}, "ff3": {}, "N": {"100%.": 0.7098632922833578, "60%.": 0.5141176470588236, "70 \u2013 80%.": 0.5261514441842311, "20\u201330%.": 0.5010743446497636, "40%.": 0.5107270560190703, "\u65e0\u4e91": 0.4805234327449787, "90  \u6216\u8005\u66f4\u591a\uff0c\u4f46\u4e0d\u4e3a100%": 0.5506219765031098, "10%  \u6216\u8005\u66f4\u5c11\uff0c\u4f46\u4e0d\u4e3a0": 0.4939455095862765, "50%.": 0.5008576329331046, "\u7531\u4e8e\u96fe\u548c/\u6216\u5176\u4ed6\u6c14\u8c61\u73b0\u8c61\uff0c\u5929\u7a7a\u4e0d\u53ef\u89c1\u3002": 0.5349831744251262}, "WW": {"\u8584\u96fe ": 0.5063520871143375, "\u4e91\u91cf\u53d1\u5c55\u60c5\u51b5\u6ca1\u6709\u8fdb\u884c\u89c2\u6d4b\u6216\u65e0\u6cd5\u89c2\u6d4b\u3002 ": 0.3699157857014872, "\u973e ": 0.47163695299837927, "\u95f4\u6b47\u6027\u96e8\uff0c\u4e0d\u51bb\uff0c\u5728\u89c2\u6d4b\u65f6\u8f83\u5f31 ": 0.8517895380850413, "\u95f4\u6b47\u6027\u96e8\uff0c\u4e0d\u51bb\uff0c\u5728\u89c2\u6d4b\u65f6\u4e2d\u5ea6 ": 0.8134556574923547, "\u95f4\u6b47\u6027\u6bdb\u6bdb\u96e8\uff0c\u4e0d\u51bb\uff0c\u5728\u89c2\u6d4b\u65f6\u4e3a\u5f3a\u5ea6 ": 0.9615384615384616, "\u5c0f\u96e8\uff08\u4e0d\u51bb\uff09 ": 0.799492385786802, " ": 0.4758113330539647, "\u6bdb\u6bdb\u96e8\uff08\u4e0d\u51bb\uff09\u6216\u8005\u5c0f\u96ea\u7c92 ": 0.7556818181818182, "\u95f4\u6b47\u6027\u96ea\uff0c\u5728\u89c2\u6d4b\u65f6\u4e3a\u5f3a\u5ea6 ": 0.0, "\u5c0f\u96e8\u5939\u96ea\u6216\u5c0f\u51b0\u7c92 ": 0.75, "\u96fe\u6216\u51b0\u96fe ": 0.4444444444444444, "\u95f4\u6b47\u6027\u96e8\uff0c\u4e0d\u51bb\uff0c\u5728\u89c2\u6d4b\u65f6\u8f83\u5f3a ": 0.7905405405405406, "\u96fe\u6216\u51b0\u96fe\uff0c\u5929\u7a7a\u4e0d\u53ef\u89c1\uff0c\u5728\u89c2\u6d4b\u524d\u4e00\u4e2a\u5c0f\u65f6\u5185\u6ca1\u6709\u660e\u663e\u7684\u6d53\u5ea6\u53d8\u5316\u3002 ": 0.45, "\u95f4\u6b47\u6027\u6bdb\u6bdb\u96e8\uff0c\u4e0d\u51bb\uff0c\u5728\u89c2\u6d4b\u65f6\u662f\u5fae\u5f31\u7684 ": 0.745575221238938, "\u6709\u96fe\u6216\u51b0\u96fe\uff0c\u5929\u7a7a\u53ef\u89c1\uff0c\u5728\u89c2\u6d4b\u524d\u4e00\u4e2a\u5c0f\u65f6\u5185\u5f00\u59cb\u51fa\u73b0\u6216\u53d8\u6d53\u3002 ": 0.4074074074074074, "\u96e8\u6216\u6bdb\u6bdb\u96e8\u5939\u96ea\u8f83\u5f31 ": 0.7954545454545454, "\u5c0f\u96ea ": 0.6363636363636364, "\u95f4\u6b47\u6027\u96ea\uff0c\u5728\u89c2\u6d4b\u65f6\u8f83\u5f31 ": 0.8541666666666666, "\u9635\u96ea\u6216\u9635\u6027\u96e8\u5939\u96ea ": 0.5, "\u96fe\u6216\u51b0\u96fe\uff0c\u5929\u7a7a\u4e0d\u53ef\u89c1\uff0c\u5728\u89c2\u6d4b\u524d\u4e00\u4e2a\u5c0f\u65f6\u5185\u53d8\u8584\u3002 ": 0.5, "\u8fde\u7eed\u6027\u96e8\uff0c\u4e0d\u51bb\uff0c\u5728\u89c2\u6d4b\u65f6\u8f83\u5f3a ": 0.75, "\u6709\u96fe\u6216\u51b0\u96fe\uff0c\u5929\u7a7a\u4e0d\u53ef\u89c1\uff0c\u5728\u89c2\u6d4b\u524d\u4e00\u4e2a\u5c0f\u65f6\u5185\u5f00\u59cb\u51fa\u73b0\u6216\u53d8\u6d53\u3002 ": 0.5714285714285714, "\u51b0\u96f9\u96e8\uff0c\u6216\u96e8\u548c\u51b0\u96f9 ": 0.75, "\u8f83\u5f31\u6bdb\u6bdb\u96e8\u5939\u96e8 ": 0.5, "\u96fe\u6216\u51b0\u96fe\uff0c\u5929\u7a7a\u53ef\u89c1\uff0c\u5728\u89c2\u6d4b\u524d\u4e00\u4e2a\u5c0f\u65f6\u5185\u6ca1\u6709\u660e\u663e\u7684\u6d53\u5ea6\u53d8\u5316\u3002 ": 0.5625, "\u51b0\u96f9\uff08\u6709\u96e8\u6216\u65e0\u96e8\uff09\u6216\u96e8\u5939\u96ea\uff08\u65e0\u96f7\uff09\uff0c\u5728\u89c2\u6d4b\u65f6\u6216\u89c2\u6d4b\u524d\u4e00\u4e2a\u5c0f\u65f6\u5185\u8f83\u5f31 ": 0.5, "\u9635\u96e8\u5728\u89c2\u6d4b\u65f6\u6216\u89c2\u6d4b\u524d\u4e00\u4e2a\u5c0f\u65f6\u5185\u8f83\u5c0f ": 0.9782608695652174, "\u9635\u96ea\u5728\u89c2\u6d4b\u65f6\u6216\u89c2\u6d4b\u524d\u4e00\u4e2a\u5c0f\u65f6\u5185\u8f83\u5f31 ": 0.75, "\u9635\u96e8 ": 0.9333333333333333, "\u9635\u96e8\u5939\u96ea\u5728\u89c2\u6d4b\u65f6\u6216\u89c2\u6d4b\u524d\u4e00\u4e2a\u5c0f\u65f6\u5185\u8f83\u5c0f ": 0.5, "\u89c2\u6d4b\u65f6\u7531\u6d4b\u7ad9\u6216\u6d4b\u7ad9\u9644\u8fd1\u7684\u98ce\u5439\u8d77\u7684\u5c18\u6216\u6c99\uff0c\u4f46\u6ca1\u6709\u53d1\u5c55\u5b8c\u597d\u7684\u5c18\u5377\u6216\u6c99\u5377\uff0c\u4e5f\u770b\u4e0d\u89c1\u5c18\u66b4\u6216\u6c99\u66b4\uff1b\u6216\u8005\uff0c\u5728\u6709\u89c2\u6d4b\u8239\u6216\u5cb8\u4e0a\u6d4b\u7ad9\u901a\u77e5\u7684\u60c5\u51b5\u4e0b\uff0c\u98de\u6cab\u88ab\u98ce\u5439\u5230\u6d4b\u7ad9 ": 0.5, "\u96fe\u6216\u51b0\u96fe\uff0c\u5929\u7a7a\u53ef\u89c1\uff0c\u5728\u89c2\u6d4b\u524d\u4e00\u4e2a\u5c0f\u65f6\u5185\u51cf\u5f31\u3002 ": 0.5, "\u5e7f\u6cdb\u6563\u5e03\u7684\u6d6e\u5728\u7a7a\u4e2d\u7684\u5c18\u571f\uff0c\u4f46\u4e0d\u662f\u5728\u89c2\u6d4b\u65f6\u7531\u6d4b\u7ad9\u6216\u6d4b\u7ad9\u9644\u8fd1\u7684\u98ce\u5439\u8d77\u7684 ": 0.5, "\u96f7\u66b4\uff0c\u4f46\u89c2\u6d4b\u65f6\u6ca1\u6709\u964d\u6c34 ": 0.6363636363636364, "\u96f7\u66b4\u8f83\u5c0f\u6216\u4e2d\u5ea6\uff0c\u65e0\u51b0\u96f9\uff0c\u4f46\u662f\u5728\u89c2\u6d4b\u65f6\u6709\u96e8\u548c/\u6216\u96ea ": 0.9615384615384616, "\u9635\u96e8\u5728\u89c2\u6d4b\u65f6\u6216\u89c2\u6d4b\u524d\u4e00\u4e2a\u5c0f\u65f6\u5185\u4e3a\u4e2d\u5ea6\u6216\u8f83\u5927 ": 1.0, "\u96f7\u66b4\uff08\u6709\u964d\u6c34\u6216\u65e0\u964d\u6c34\uff09 ": 1.0, "\u8fde\u7eed\u6027\u96e8\uff0c\u4e0d\u51bb\uff0c\u5728\u89c2\u6d4b\u65f6\u8f83\u5f31 ": 0.975, "\u8fde\u7eed\u6027\u96e8\uff0c\u4e0d\u51bb\uff0c\u5728\u89c2\u6d4b\u65f6\u4e2d\u5ea6 ": 1.0, "\u51b0\u7c92 ": 1.0, "\u5728\u89c2\u6d4b\u65f6\u6709\u5c0f\u96e8\u3002\u5728\u89c2\u6d4b\u524d\u4e00\u4e2a\u5c0f\u65f6\u5185\u6709\u96f7\u66b4\uff0c\u4f46\u5728\u89c2\u6d4b\u65f6\u6ca1\u6709\u3002 ": 1.0, "\u96ea\u7c92\uff08\u6709\u96fe\u6216\u6ca1\u96fe\uff09 ": 1.0, "\u5728\u89c2\u6d4b\u65f6\u6709\u4e2d\u96e8\u6216\u5f3a\u964d\u96e8\u3002\u5728\u89c2\u6d4b\u524d\u4e00\u4e2a\u5c0f\u65f6\u5185\u6709\u96f7\u66b4\uff0c\u4f46\u5728\u89c2\u6d4b\u65f6\u6ca1\u6709\u3002 ": 1.0, "\u8fde\u7eed\u6027\u96ea\uff0c\u5728\u89c2\u6d4b\u65f6\u8f83\u5f31 ": 1.0, "\u95f4\u6b47\u6027\u96ea\uff0c\u5728\u89c2\u6d4b\u65f6\u4e3a\u4e2d\u5ea6 ": 1.0}, "W2": {"\u5728\u6574\u4e2a\u76f8\u5e94\u5468\u671f\u5185\u4e91\u906e\u4f4f\u4e86\u4e00\u534a\u6216\u4ee5\u4e0b\u7684\u5929\u7a7a": 0.3766109130792432, "\u5c0f\u96e8": 0.8157894736842105, "\u96e8": 0.8759799651567944, "\u96fe\u6216\u51b0\u96fe\u6216\u5f3a\u9634\u973e": 0.5, "\u9635\u6027": 0.9405594405594405, "\u96ea\u6216\u96e8\u5939\u96ea": 0.8853503184713376, "\u96f7\u66b4\uff0c\u6709\u964d\u6c34\u6216\u65e0": 0.9427480916030534}, "Tn": {}, "Tx": {},