{"T": {"max": 39.4, "min": -7.6, "T_center": 0.5022876696109455, "F_center": 0.5397705887584275, "center": 0.5210291291846865}, "Po": {"max": 781.1, "min": 734.5, "T_center": 0.5817032936271559, "F_center": 0.5961433184907208, "center": 0.5889233060589383}, "P": {"max": 781.8, "min": 734.9, "T_center": 0.5828718473741278, "F_center": 0.5968252032886852, "center": 0.5898485253314065}, "Pa": {"max": 14.8, "min": -12.9, "T_center": 0.4686595165616182, "F_center": 0.4648288281005023, "center": 0.46674417233106025}, "U": {"max": 100.0, "min": 12.0, "T_center": 0.7844878821320176, "F_center": 0.6441417109327433, "center": 0.7143147965323804}, "DD": {"max": 0.5792682926829268, "min": 0.464524765729585, "T_center": 0.4936646636582135, "F_center": 0.40844039947038696, "center": 0.45105253156430025}, "Ff": {"max": 16.0, "min": 0.0, "T_center": 0.18774749895789913, "F_center": 0.16354359448899855, "center": 0.17564554672344884}, "ff3": {"max": 26.0, "min": 1.0, "T_center": 0.2868704467277951, "F_center": 0.2813461128703637, "center": 0.2841082797990794}, "N": {"max": 0.7098632922833578, "min": 0.4805234327449787, "T_center": 0.9420087764806031, "F_center": 0.2053773884718892, "center": 0.5736930824762462}, "WW": {"max": 1.0, "min": 0.0, "T_center": 0.6273342298830639, "F_center": 0.47647545171139055, "center": 0.5519048407972272}, "W2": {"max": 0.9427480916030534, "min": 0.3766109130792432, "T_center": 0.5652793310081095, "F_center": 0.3137706452428618, "center": 0.4395249881254856}, "Tn": {"max": 32.0, "min": -7.8, "T_center": 0.5426858664265951, "F_center": 0.5420373113094685, "center": 0.5423615888680318}, "Tx": {"max": 40.0, "min": -4.7, "T_center": 0.562525582879364, "F_center": 0.5774507702165003, "center": 0.5699881765479322}, "Cl": {"max": 1.0, "min": 0.5592936323794793, "T_center": 0.2797154370894694, "F_center": 0.17659680208900508, "center": 0.22815611958923723}, "Nh": {"max": 0.6725196850393701, "min": 0.5012541806020067, "T_center": 0.8533110591671623, "F_center": 0.5425903710614853, "center": 0.6979507151143238}, "H": {"max": 0.8358778625954199, "min": 0.4636421762380842, "T_center": 0.3127555332889019, "F_center": 0.1670185572429742, "center": 0.23988704526593804}, "Cm": {"max": 0.974502487562189, "min": 0.5130748422001803, "T_center": 0.3941820180901575, "F_center": 0.291741511475466, "center": 0.34296176478281176}, "Ch": {"max": 0.7356798715203426, "min": 0.5, "T_center": 0.707554737556683, "F_center": 0.5345580875114416, "center": 0.6210564125340623}, "VV": {"max": 30.0, "min": 0.1, "T_center": 0.4428990829841325, "F_center": 0.5659027108788593, "center": 0.5044008969314959}, "Td": {"max": 28.7, "min": -22.0, "T_center": 0.6820116107081639, "F_center": 0.6584540534303396, "center": 0.6702328320692517}}