{"T": {"max": 39.4, "min": -7.6, "T_center": 0.5024389553883816, "F_center": 0.5387816875863938, "center": 0.5206103214873876}, "Po": {"max": 781.1, "min": 734.5, "T_center": 0.5845825472629942, "F_center": 0.5949290281193703, "center": 0.5897557876911823}, "P": {"max": 781.8, "min": 734.9, "T_center": 0.5858228820751329, "F_center": 0.5956019679824631, "center": 0.5907124250287981}, "Pa": {"max": 14.8, "min": -12.9, "T_center": 0.4693414110280895, "F_center": 0.4647238911843966, "center": 0.46703265110624304}, "U": {"max": 100.0, "min": 12.0, "T_center": 0.7698474521018192, "F_center": 0.65200191724743, "center": 0.7109246846746246}, "DD": {"max": 0.5792682926829268, "min": 0.464524765729585, "T_center": 0.49071087136915625, "F_center": 0.411459794319293, "center": 0.45108533284422464}, "Ff": {"max": 16.0, "min": 0.0, "T_center": 0.188793542185026, "F_center": 0.16384429707336629, "center": 0.17631891962919616}, "ff3": {"max": 26.0, "min": 1.0, "T_center": 0.2853899192381862, "F_center": 0.2819226253583792, "center": 0.2836562722982827}, "N": {"max": 0.7098632922833578, "min": 0.4805234327449787, "T_center": 0.9977558656586052, "F_center": 0.20746559854962898, "center": 0.6026107321041171}, "WW": {"max": 1.0, "min": 0.0, "T_center": 0.6094234662948111, "F_center": 0.48556654119382686, "center": 0.547495003744319}, "W2": {"max": 0.9427480916030534, "min": 0.3766109130792432, "T_center": 0.5665067821205784, "F_center": 0.31974366496527085, "center": 0.4431252235429246}, "Tn": {"max": 32.0, "min": -7.8, "T_center": 0.541233542840121, "F_center": 0.5424826693112472, "center": 0.5418581060756842}, "Tx": {"max": 40.0, "min": -4.7, "T_center": 0.56350196570444, "F_center": 0.5767863719741319, "center": 0.5701441688392859}, "Cl": {"max": 1.0, "min": 0.5592936323794793, "T_center": 0.2860199180759948, "F_center": 0.17733204296524196, "center": 0.23167598052061839}, "Nh": {"max": 0.6725196850393701, "min": 0.5012541806020067, "T_center": 0.8735948553601276, "F_center": 0.5444256668283516, "center": 0.7090102610942396}, "H": {"max": 0.8358778625954199, "min": 0.4636421762380842, "T_center": 0.3066320686939344, "F_center": 0.17249862385686723, "center": 0.23956534627540083}, "Cm": {"max": 0.974502487562189, "min": 0.5130748422001803, "T_center": 0.40052484191940785, "F_center": 0.2924483434175035, "center": 0.34648659266845566}, "Ch": {"max": 0.7356798715203426, "min": 0.5, "T_center": 0.7178976414902748, "F_center": 0.5358606238455754, "center": 0.626879132667925}, "VV": {"max": 30.0, "min": 0.1, "T_center": 0.45937815042602254, "F_center": 0.5579362318679706, "center": 0.5086571911469966}, "Td": {"max": 28.7, "min": -22.0, "T_center": 0.6772744999306803, "F_center": 0.6604468347908246, "center": 0.6688606673607524}}