{"T": {"max": 39.4, "min": -7.6, "T_center": 0.5396467008034895, "F_center": 0.5023024452447751, "center": 0.5209745730241323}, "Po": {"max": 781.1, "min": 734.5, "T_center": 0.5960168798561678, "F_center": 0.5819514324211879, "center": 0.5889841561386778}, "P": {"max": 781.8, "min": 734.9, "T_center": 0.5967007341329891, "F_center": 0.583118682537374, "center": 0.5899097083351815}, "Pa": {"max": 14.8, "min": -12.9, "T_center": 0.4648048650644384, "F_center": 0.4687708157361427, "center": 0.46678784040029053}, "U": {"max": 100.0, "min": 12.0, "T_center": 0.6451147280664121, "F_center": 0.7828642905716598, "center": 0.713989509319036}, "DD": {"max": 0.5792682926829268, "min": 0.464524765729585, "T_center": 0.4087919994716645, "F_center": 0.49341570784763783, "center": 0.45110385365965117}, "Ff": {"max": 16.0, "min": 0.0, "T_center": 0.1635620580096341, "F_center": 0.18792749658002736, "center": 0.17574477729483073}, "ff3": {"max": 26.0, "min": 1.0, "T_center": 0.2813383881473665, "F_center": 0.2869483035535931, "center": 0.2841433458504798}, "N": {"max": 0.7098632922833578, "min": 0.4805234327449787, "T_center": 0.20554970590353322, "F_center": 0.9486869639522632, "center": 0.5771183349278982}, "WW": {"max": 1.0, "min": 0.0, "T_center": 0.47758254652840776, "F_center": 0.6254005346269349, "center": 0.5514915405776714}, "W2": {"max": 0.9427480916030534, "min": 0.3766109130792432, "T_center": 0.3139758515758494, "F_center": 0.567108617886288, "center": 0.4405422347310687}, "Tn": {"max": 32.0, "min": -7.8, "T_center": 0.5420471207000468, "F_center": 0.5426619986957942, "center": 0.5423545596979205}, "Tx": {"max": 40.0, "min": -4.7, "T_center": 0.5774275326788794, "F_center": 0.5624510951956297, "center": 0.5699393139372546}, "Cl": {"max": 1.0, "min": 0.5592936323794793, "T_center": 0.17671414111493325, "F_center": 0.2803631696399386, "center": 0.22853865537743595}, "Nh": {"max": 0.6725196850393701, "min": 0.5012541806020067, "T_center": 0.5428436897344208, "F_center": 0.8555716224754222, "center": 0.6992076561049214}, "H": {"max": 0.8358778625954199, "min": 0.4636421762380842, "T_center": 0.1676500598425244, "F_center": 0.3122366262259538, "center": 0.2399433430342391}, "Cm": {"max": 0.974502487562189, "min": 0.5130748422001803, "T_center": 0.29182849951731527, "F_center": 0.3949166008684547, "center": 0.343372550192885}, "Ch": {"max": 0.7356798715203426, "min": 0.5, "T_center": 0.534694116890491, "F_center": 0.7088287533937926, "center": 0.6217614351421418}, "VV": {"max": 30.0, "min": 0.1, "T_center": 0.5648505265145334, "F_center": 0.4449362450523168, "center": 0.5048933857834251}, "Td": {"max": 28.7, "min": -22.0, "T_center": 0.6587041972052472, "F_center": 0.6814716648375456, "center": 0.6700879310213964}}